<?xml version="1.0" encoding="UTF-8"?>

<schema xmlns:xsi="http://www.w3.org/2001/XMLSchema-instance" xsi:noNamespaceSchemaLocation="urn:magento:framework:Setup/Declaration/Schema/etc/schema.xsd">
   <table name="Chetu_Myform_Admin_Grid" resource="default" engine="innodb" comment="Chetu Np">
      <column xsi:type="smallint" name="employee_id" padding="7" unsigned="false" nullable="false" identity="true" comment="ID" />
      <column xsi:type="varchar" name="employee_name" nullable="false" length="20" comment="Name" />
      <column xsi:type="int" name="employee_age" nullable="false" comment="Age" />
      <column xsi:type="varchar" name="employee_description" nullable="false" length="50" comment="Descrition" />
      <column xsi:type="text" name="employee_color" nullable="false" comment="Color" />
      <column xsi:type="varchar" name="employee_address" nullable="false" length="255" comment="Address" />
      <column xsi:type="text" name="employee_gender" nullable="false" comment="Gender" />
      <constraint xsi:type="primary" referenceId="PRIMARY">
         <column name="employee_id" />
      </constraint>
   </table>
</schema>